82,time,kilovolt,current in mA,current out mA,Pressure Millitorr,Neutron Count
82,1631681486354292,25.187431584694426,1.4023737067729234,1.4039458509068936,190.45724566868762,0.0
82,1631681486448712,25.191880632773973,1.4028815584629775,1.4038441579323262,190.5241265049242,0.0
82,1631681486684077,25.190609476179816,1.4027292029559613,1.4020645308773965,190.34582977663314,0.0
82,1631681486792033,25.17535559704993,1.400900936871767,1.404047543881461,190.74723229192,0.475
82,1631681486887265,25.20332104212139,1.4037449063360692,1.4042509298305959,190.23447906194147,0.575
82,1631681486991021,25.198871994041838,1.4036433359980582,1.4008950616698712,191.06001937778714,0.0
82,1631681487105668,25.20332104212139,1.4041511876881123,1.404556008754298,190.1009441847473,0.0
82,1631681487207406,25.185524849803187,1.4031862694770099,1.4031323071103543,191.03766044333517,0.0
82,1631681487313832,25.176626753644086,1.4027292029559613,1.4035899254959077,190.27901152897522,0.0
82,1631681487414584,25.19760083744768,1.4040496173501014,1.4032848465722054,190.45724566868762,0.7
82,1631681487517082,25.178533488535322,1.4026276326179505,1.4022679168265313,190.0119730121557,0.0
82,1631681487619721,25.198236415744756,1.404252758026123,1.4041492368560284,190.14544539226625,0.0
82,1631681487721935,25.19378736766521,1.4031862694770099,1.4039966973941773,190.1009441847473,0.0
82,1631681487821648,25.20459219871555,1.403592550829053,1.4023696098010987,189.65650453043446,0.0
82,1631681487923561,25.180440223426558,1.40450668387115,1.4024204562883824,190.1009441847473,0.0
82,1631681488026766,25.186796006397344,1.40384647667408,1.4035899254959077,189.9230434799129,0.06
82,1631681717814868,25.198871994041838,1.4024752771109343,1.4039966973941773,190.83654774218613,0.0
82,1631681718513000,25.18425369320903,1.4041004025191068,1.4032340000849217,190.1676999023983,0.0
82,1631681719218959,25.18234695831779,1.4039480470120906,1.4037933114450425,189.65650453043446,0.735
82,1631681719919689,25.181075801723633,1.4033894101530313,1.4025729957502335,190.43495727425662,0.885
82,1631681721124513,25.19251621107105,1.4023229216039181,1.4034373860340565,190.68027313750983,0.0
82,1631681721827197,25.214761451468803,1.4029323436319827,1.4026238422375172,190.03421190075957,0.0
82,1631681722530113,25.196329680853523,1.4029323436319827,1.403691618470475,190.25674399252102,0.0
82,1631681723233764,25.20713451190386,1.4034401953220368,1.4041492368560284,190.03421190075957,0.0
82,1631681723940356,25.168364235782064,1.4031354843080044,1.4037933114450425,190.3012816716087,0.0
82,1631681724643329,25.178533488535322,1.4037449063360692,1.4026238422375172,190.32355442072605,0.0
82,1631681725345661,25.191245054476894,1.4036941211670637,1.4036407719831914,190.34582977663314,0.0
82,1631682139586221,25.19315178936813,1.4043035431951285,1.4048102411907166,190.99295042383477,0.0
82,1631682139701506,25.20459219871555,1.404608254209161,1.4030814606230706,190.0786974867505,0.55
82,1631682139889661,25.215397029765878,1.4023737067729234,1.4033865395467728,190.0119730121557,0.0
82,1631682140012445,25.191245054476894,1.4051668910682202,1.403030614135787,190.85888313852726,0.26
82,1631682140115978,25.201414307230152,1.404912965223193,1.4030814606230706,190.70259024356355,0.0
82,1631682140222652,25.20332104212139,1.4027292029559613,1.4031323071103543,190.81421495966066,0.0
82,1631682140322490,25.1880671629915,1.4037956915050744,1.4037933114450425,190.81421495966066,0.0
82,1631682140426557,25.16899981407914,1.4022213512659072,1.403691618470475,190.63564676012157,0.0
82,1631682140524225,25.205227777012624,1.4036433359980582,1.4041492368560284,190.63564676012157,0.0
82,1631682140627955,25.188702741288584,1.4039988321810961,1.4026238422375172,190.1676999023983,0.58
82,1631682140730723,25.181711380020715,1.4021197809278965,1.4029797676485032,189.9230434799129,0.0
82,1631682140839897,25.190609476179816,1.403338624984026,1.4043017763178796,190.3012816716087,0.335
82,1631682140938929,25.167093079187907,1.4022721364349127,1.4015560660045594,190.74723229192,0.075
82,1631682141042884,25.18997389788274,1.4030339139699937,1.4035899254959077,190.70259024356355,0.0
82,1631682141145626,25.212854716577564,1.4035417656600475,1.4028780746739358,190.0786974867505,0.225
82,1631682141244637,25.18234695831779,1.4043543283641338,1.4033865395467728,190.68027313750983,0.0
82,1631682141348471,25.18933831958566,1.4032878398150206,1.402674688724801,189.6787018152181,0.0
82,1631682141467005,25.195058524259366,1.403338624984026,1.4031323071103543,190.0786974867505,0.0
82,1631682141571019,25.18425369320903,1.4041511876881123,1.402674688724801,190.39038831003538,0.0
82,1631682141671864,25.185524849803187,1.4033894101530313,1.403183153597638,190.68027313750983,0.0
82,1631682141777606,25.20459219871555,1.4034401953220368,1.4031323071103543,190.5241265049242,0.415
82,1631682141881756,25.18933831958566,1.4026784177869558,1.4032340000849217,189.58992826078614,0.0
82,1631682141984907,25.164550765999593,1.4043543283641338,1.403539079008624,190.4126714881412,0.43
82,1631682142083326,25.194422945962287,1.4027799881249665,1.4037424649577588,189.98973672607394,0.0
82,1631682142185187,25.18616042810027,1.4030339139699937,1.4022679168265313,190.43495727425662,0.0
82,1631682142289969,25.196329680853523,1.4041004025191068,1.4032340000849217,190.68027313750983,0.94
82,1631682142390160,25.187431584694426,1.4032370546460151,1.402827228186652,190.47953667173906,0.0
82,1631682142495997,25.18234695831779,1.403338624984026,1.4022170703392476,190.79188479064527,1.0
82,1631682142596613,25.184889271506105,1.4021197809278965,1.402318763313815,190.12319348648444,0.0
82,1631682142699851,25.190609476179816,1.4031862694770099,1.403030614135787,190.47953667173906,0.0
82,1631682143444735,25.17535559704993,1.403084699138999,1.4034882325213403,190.43495727425662,0.0
82,1631682144154369,25.18933831958566,1.403084699138999,1.4027255352120847,190.14544539226625,0.0
82,1631682144952401,25.186796006397344,1.4029831288009882,1.4034373860340565,190.54642533566906,0.465
82,1631682145660565,25.18425369320903,1.4026784177869558,1.402674688724801,190.03421190075957,0.0
82,1631682146360434,25.185524849803187,1.4024244919419289,1.4030814606230706,190.3012816716087,0.12
82,1631682147063062,25.177262331941165,1.4036433359980582,1.4012509870808572,189.61211775352265,0.34
82,1631682148271567,25.184889271506105,1.4039988321810961,1.403183153597638,190.1009441847473,0.0
82,1631682148977485,25.21094798168633,1.4032370546460151,1.40389500441961,190.3012816716087,0.0
82,1631682149678846,25.191880632773973,1.403338624984026,1.4034882325213403,190.43495727425662,0.97
82,1631682150377661,25.187431584694426,1.4035417656600475,1.4014035265427083,190.3012816716087,0.0
82,1631682151080977,25.1880671629915,1.402830773293972,1.4035899254959077,191.01530412545299,0.0
82,1631682151794833,25.16073729621712,1.4028815584629775,1.402318763313815,191.14948128742336,0.0
82,1631682192404615,25.184889271506105,1.4047098245471716,1.4033356930594891,189.7231041789602,0.0
82,1631682192600744,25.195058524259366,1.4046590393781662,1.4033865395467728,190.65795864313094,0.25
82,1631682192717994,25.187431584694426,1.4032878398150206,1.4030814606230706,190.1676999023983,0.0
82,1631682192833050,25.17980464512948,1.4031354843080044,1.4036407719831914,190.5241265049242,0.0
82,1631682192938176,25.205227777012624,1.4038972618430854,1.4041492368560284,190.54642533566906,0.0
82,1631682193041598,25.198236415744756,1.4031354843080044,1.4036407719831914,190.14544539226625,0.4
82,1631682193142985,25.20077872893307,1.4024244919419289,1.402827228186652,190.88122114898954,0.0
82,1631682193242043,25.166457500890825,1.4026784177869558,1.4032340000849217,190.43495727425662,0.0
82,1631682193342916,25.202049885527234,1.4024244919419289,1.4028780746739358,190.59103082698957,0.0
82,1631682193445215,25.181711380020715,1.4024752771109343,1.4039458509068936,190.3012816716087,0.0
82,1631682193545604,25.18234695831779,1.40384647667408,1.4039966973941773,190.34582977663314,0.0
82,1631682193649133,25.188702741288584,1.4027292029559613,1.4036407719831914,190.27901152897522,0.0
82,1631682193746309,25.198236415744756,1.4023229216039181,1.4039458509068936,190.90356177387966,0.0
82,1631682193854663,25.17472001875285,1.4043543283641338,1.402674688724801,190.45724566868762,0.0
82,1631682193979017,25.19315178936813,1.4031862694770099,1.4035899254959077,190.05645339218975,0.0
82,1631682194074712,25.19315178936813,1.40384647667408,1.4037933114450425,190.25674399252102,0.0
82,1631682194178334,25.18425369320903,1.4040496173501014,1.4045051622670144,191.01530412545299,0.0
82,1631682194279416,25.18234695831779,1.4030339139699937,1.4050644736271352,190.27901152897522,0.0
82,1631682194379942,25.177897910238244,1.4029831288009882,1.4035899254959077,190.90356177387966,0.0
82,1631682194481734,25.19760083744768,1.403490980491042,1.4034882325213403,190.27901152897522,0.0
82,1631682194584306,25.18425369320903,1.4022213512659072,1.4038441579323262,190.03421190075957,0.0
82,1631682194690441,25.20268546382431,1.401916640251875,1.4024713027756661,190.59103082698957,0.0
82,1631682194788793,25.176626753644086,1.4029831288009882,1.4024204562883824,189.78972721457293,0.0
82,1631682194888474,25.196329680853523,1.4037956915050744,1.4030814606230706,190.81421495966066,0.0
82,1631682194988881,25.181075801723633,1.4036941211670637,1.4021662238519639,189.98973672607394,0.0
82,1631682195092813,25.1969652591506,1.4036433359980582,1.40389500441961,190.21221673693086,0.0
82,1631682195193871,25.16899981407914,1.4036941211670637,1.4035899254959077,190.56872677625543,0.0
82,1631682195297209,25.17980464512948,1.4029831288009882,1.4046068552415818,189.9230434799129,0.0
82,1631682195398269,25.18933831958566,1.402576847448945,1.4024713027756661,189.94527196025666,0.93
82,1631682206174880,25.208405668498017,1.4041004025191068,1.4039458509068936,190.4126714881412,0.0
82,1631682206375406,25.19251621107105,1.4032878398150206,1.4025221492629498,190.5241265049242,0.55
82,1631682206573388,25.196329680853523,1.4035417656600475,1.4027763816993684,189.78972721457293,0.0
82,1631682216923321,25.1969652591506,1.4043543283641338,1.403539079008624,190.03421190075957,0.0
82,1631682216988631,25.173448862158693,1.4012564330548047,1.403539079008624,189.78972721457293,0.0
82,1631682217121766,25.19315178936813,1.4026784177869558,1.4028780746739358,190.70259024356355,0.0
82,1631682217329188,25.177897910238244,1.401815069913864,1.404759394703433,190.27901152897522,0.0
82,1631682217390974,25.19378736766521,1.4024244919419289,1.404759394703433,189.85637364548535,0.0
82,1631682218254842,25.200143150635995,1.4027292029559613,1.4053187060635537,190.43495727425662,0.0
82,1631682250770126,25.20459219871555,1.401916640251875,1.4040983903687447,190.1009441847473,0.0
82,1631682250976289,25.18616042810027,1.4032878398150206,1.4022170703392476,190.14544539226625,0.0
82,1631682251077684,25.199507572338913,1.4030339139699937,1.4033356930594891,190.61333748817657,0.0
82,1631682251197870,25.201414307230152,1.4036433359980582,1.4049627806525677,190.59103082698957,0.0
82,1631682251304102,25.18616042810027,1.4038972618430854,1.4038441579323262,189.967503042209,0.0
82,1631682251404319,25.181711380020715,1.4039480470120906,1.402674688724801,190.72490996159846,0.0
82,1631682251507343,25.195694102556445,1.4053192465752362,1.4037933114450425,190.88122114898954,0.0
82,1631682251608591,25.185524849803187,1.4027799881249665,1.4031323071103543,189.94527196025666,0.0
82,1631682251712693,25.20268546382431,1.403338624984026,1.4033356930594891,189.45684582529708,0.0
82,1631682251814490,25.17980464512948,1.4028815584629775,1.4030814606230706,189.967503042209,0.0
82,1631682251914145,25.20459219871555,1.4027799881249665,1.4014035265427083,189.8341555685296,0.0
82,1631682252014081,25.18933831958566,1.4027799881249665,1.4026238422375172,189.74530925852716,0.0
82,1631682252117891,25.16963539237622,1.4043543283641338,1.4032848465722054,190.9259050135029,0.0
82,1631682252224394,25.187431584694426,1.4031862694770099,1.4034882325213403,190.65795864313094,0.0
82,1631682252324355,25.177262331941165,1.4039988321810961,1.4021153773646802,190.03421190075957,0.0
82,1631682252425467,25.17090654897038,1.4019674254208803,1.402827228186652,190.34582977663314,0.06
82,1631682252528177,25.18425369320903,1.4043543283641338,1.4043017763178796,190.81421495966066,0.0
82,1631682252633464,25.19315178936813,1.4043543283641338,1.404759394703433,190.5018302837159,0.235
82,1631682252735284,25.19760083744768,1.4024244919419289,1.4036407719831914,190.85888313852726,0.0
82,1631682252836763,25.216668186360035,1.4035417656600475,1.404047543881461,190.189957017185,0.0
82,1631682252938503,25.1880671629915,1.4025260622799396,1.4037933114450425,190.0786974867505,0.0
82,1631682253041674,25.199507572338913,1.4031862694770099,1.402674688724801,190.32355442072605,0.0
82,1631682253144611,25.194422945962287,1.4040496173501014,1.4047085482161492,190.5241265049242,0.0
82,1631682253246487,25.177262331941165,1.4041004025191068,1.4040983903687447,190.0119730121557,0.0
82,1631682253349129,25.215397029765878,1.4024752771109343,1.403183153597638,190.0786974867505,0.66
82,1631682253447986,25.191245054476894,1.4049637503921986,1.4028780746739358,189.7231041789602,0.0
82,1631682264238610,25.20459219871555,1.4041511876881123,1.4034882325213403,189.85637364548535,0.0
82,1631682264436609,25.17281328386162,1.4037449063360692,1.4029289211612195,190.23447906194147,0.0
82,1631682264733227,25.16963539237622,1.40384647667408,1.402318763313815,189.967503042209,0.0
82,1631682274994394,25.187431584694426,1.404252758026123,1.4039458509068936,190.25674399252102,0.0
82,1631682275180558,25.1969652591506,1.4039480470120906,1.4017086054664105,190.21221673693086,0.0
82,1631682275243243,25.209041246795096,1.4027799881249665,1.4042509298305959,190.83654774218613,0.0
82,1631682275308268,25.194422945962287,1.40384647667408,1.4024713027756661,190.27901152897522,0.0
82,1631682275475665,25.198236415744756,1.4034401953220368,1.4030814606230706,190.189957017185,0.0
82,1631682276126269,25.187431584694426,1.4036941211670637,1.4032340000849217,191.12711188362752,0.0
82,1631682342718948,25.176626753644086,1.4012056478857995,1.4037933114450425,190.1009441847473,0.91
82,1631682342910325,25.184889271506105,1.4022213512659072,1.4022679168265313,190.3012816716087,0.0
82,1631682343023206,25.186796006397344,1.4044051135331392,1.4032340000849217,190.0119730121557,0.04
82,1631682343140871,25.19760083744768,1.4027799881249665,1.404403469292447,190.59103082698957,0.0
82,1631682343246127,25.205863355309706,1.4023229216039181,1.404403469292447,190.59103082698957,0.37
82,1631682343347701,25.182982536614873,1.4032878398150206,1.403691618470475,189.63430984330427,0.0
82,1631682343449442,25.195058524259366,1.4031354843080044,1.4027255352120847,190.1009441847473,0.0
82,1631682343549567,25.1969652591506,1.4048621800541878,1.403691618470475,190.23447906194147,0.0
82,1631682343648815,25.198871994041838,1.40450668387115,1.4038441579323262,190.70259024356355,0.0
82,1631682343750820,25.190609476179816,1.4031862694770099,1.4025221492629498,190.27901152897522,1.125
82,1631682343851431,25.181075801723633,1.4028815584629775,1.4047085482161492,189.76751693696312,0.0
82,1631682343951599,25.198871994041838,1.4029831288009882,1.4043526228051633,190.23447906194147,0.0
82,1631682344051725,25.173448862158693,1.4029831288009882,1.403183153597638,190.32355442072605,0.195
82,1631682344152260,25.20459219871555,1.4028815584629775,1.404403469292447,189.9230434799129,0.0
82,1631682344252562,25.177897910238244,1.4027799881249665,1.4032848465722054,190.27901152897522,0.0
82,1631682344353376,25.20268546382431,1.4032878398150206,1.402674688724801,190.03421190075957,0.0
82,1631682344454828,25.17472001875285,1.4028815584629775,1.403030614135787,190.9705993381748,0.0
82,1631682344557002,25.202049885527234,1.4024752771109343,1.4042000833433121,190.4126714881412,0.0
82,1631682344656246,25.187431584694426,1.4027799881249665,1.4029797676485032,190.5018302837159,0.0
82,1631682344760066,25.19315178936813,1.402830773293972,1.4024204562883824,189.967503042209,0.0
82,1631682344860928,25.173448862158693,1.4033894101530313,1.4022170703392476,189.90081760087244,0.92
82,1631682344960360,25.173448862158693,1.4030339139699937,1.4042509298305959,190.5018302837159,0.0
82,1631682345062315,25.191245054476894,1.4041004025191068,1.403030614135787,190.25674399252102,0.0
82,1631682345163111,25.19251621107105,1.4028815584629775,1.4040983903687447,189.8341555685296,0.0
82,1631682345262279,25.219210499548357,1.4037956915050744,1.404047543881461,190.3012816716087,0.0
82,1631682401434212,25.163915187702514,1.4033894101530313,1.4029797676485032,189.967503042209,0.0
82,1631682401537411,25.199507572338913,1.4042019728571176,1.4033865395467728,190.90356177387966,0.0
82,1631682401710831,25.19315178936813,1.403084699138999,1.4036407719831914,190.39038831003538,0.0
82,1631682401810844,25.20459219871555,1.4023229216039181,1.4034882325213403,189.74530925852716,0.0
82,1631682401919602,25.1880671629915,1.4031862694770099,1.4034373860340565,189.74530925852716,0.0
82,1631682402022007,25.18997389788274,1.404608254209161,1.4025729957502335,190.32355442072605,0.0
82,1631682402122872,25.219846077845432,1.4034401953220368,1.4031323071103543,189.85637364548535,0.0
82,1631682402224527,25.18616042810027,1.4032370546460151,1.404759394703433,189.94527196025666,0.23
82,1631682402326533,25.19760083744768,1.40450668387115,1.402674688724801,191.23898508668833,0.0
82,1631682402420161,25.18933831958566,1.4048621800541878,1.404047543881461,190.43495727425662,0.0
82,1631682402528299,25.183618114911948,1.4017134995758533,1.4033865395467728,190.59103082698957,0.0
82,1631682402629024,25.19251621107105,1.4029323436319827,1.4038441579323262,190.5018302837159,1.355
82,1631682402729902,25.1791690668324,1.4028815584629775,1.403539079008624,189.94527196025666,0.0
82,1631682402831461,25.199507572338913,1.4032370546460151,1.4043526228051633,190.5018302837159,0.0
82,1631682402930861,25.19251621107105,1.4036941211670637,1.4041492368560284,189.45684582529708,0.0
82,1631682403031861,25.19251621107105,1.4029323436319827,1.402827228186652,190.21221673693086,0.91
82,1631682403136805,25.196329680853523,1.402830773293972,1.4034373860340565,190.63564676012157,0.0
82,1631682403236884,25.18997389788274,1.404608254209161,1.4025729957502335,189.967503042209,0.0
82,1631682403337481,25.21158355998341,1.4011040775477885,1.4024713027756661,189.98973672607394,0.165
82,1631682403433357,25.17980464512948,1.40450668387115,1.4020645308773965,190.05645339218975,0.0
82,1631682403536662,25.187431584694426,1.4039480470120906,1.4027763816993684,190.9705993381748,0.0
82,1631682403637808,25.191880632773973,1.403592550829053,1.403183153597638,190.1009441847473,0.0
82,1631682403740236,25.183618114911948,1.403338624984026,1.4028780746739358,189.56774136479115,0.0
82,1631682403840494,25.172177705564536,1.4024244919419289,1.401962837902829,190.36810773963427,0.16
82,1631682403960324,25.18425369320903,1.4038972618430854,1.4028780746739358,189.56774136479115,0.0
82,1631682404065143,25.177897910238244,1.402576847448945,1.4028780746739358,190.5018302837159,0.38
82,1631682404165264,25.195058524259366,1.4023737067729234,1.4032848465722054,190.27901152897522,0.0
82,1631682404264148,25.18425369320903,1.4039988321810961,1.4032340000849217,190.189957017185,0.49
82,1631682404365786,25.181075801723633,1.4031862694770099,1.403030614135787,190.0786974867505,0.0
82,1631682404464683,25.182982536614873,1.4036433359980582,1.4038441579323262,190.5018302837159,0.0
82,1631682404565569,25.18234695831779,1.4032370546460151,1.403183153597638,189.9230434799129,0.0
82,1631682404667815,25.177262331941165,1.4020689957588912,1.4032340000849217,190.189957017185,0.0
82,1631682404766873,25.191880632773973,1.4019674254208803,1.4037933114450425,189.87859432283125,0.0
82,1631682404868208,25.195058524259366,1.4029323436319827,1.4040983903687447,190.3012816716087,0.0
82,1631682405608955,25.199507572338913,1.4031354843080044,1.4029797676485032,190.34582977663314,0.0
82,1631682406314373,25.17472001875285,1.4026784177869558,1.4034882325213403,190.59103082698957,0.0
82,1631682407021373,25.183618114911948,1.4027799881249665,1.404047543881461,190.79188479064527,0.0
82,1631682407728589,25.1524747783551,1.4032370546460151,1.4037933114450425,190.25674399252102,0.0
82,1631682408522752,25.198236415744756,1.4026784177869558,1.4031323071103543,190.189957017185,0.0
82,1631682409225136,25.185524849803187,1.402576847448945,1.4025221492629498,190.03421190075957,0.0
82,1631682409929966,25.19315178936813,1.4042019728571176,1.4032340000849217,190.23447906194147,0.635
82,1631682410642993,25.174084440455776,1.4022213512659072,1.4026238422375172,190.39038831003538,0.43
82,1631682496766276,25.195694102556445,1.4031862694770099,1.4044543157797307,190.189957017185,0.0
82,1631682496866359,25.202049885527234,1.4020182105898857,1.4020136843901128,189.90081760087244,0.0
82,1631682497033927,25.185524849803187,1.4034401953220368,1.401962837902829,190.27901152897522,0.0
82,1631682497133785,25.17535559704993,1.403338624984026,1.4025729957502335,189.967503042209,0.0
82,1631682497234091,25.19251621107105,1.4033894101530313,1.4026238422375172,189.78972721457293,0.0
82,1631682497332172,25.176626753644086,1.402576847448945,1.4020136843901128,190.1676999023983,0.0
82,1631682497433665,25.20077872893307,1.4039480470120906,1.4013018335681409,190.5018302837159,0.0
82,1631682497535188,25.19251621107105,1.4016119292378426,1.4034882325213403,190.25674399252102,0.0
82,1631682497633089,25.19315178936813,1.4029323436319827,1.4036407719831914,189.54555706523303,0.0
82,1631682497735638,25.191245054476894,1.4039988321810961,1.4037424649577588,190.3012816716087,0.0
82,1631682497835539,25.18616042810027,1.4037449063360692,1.4037933114450425,190.45724566868762,0.395
82,1631682497940006,25.20077872893307,1.4022721364349127,1.4027763816993684,190.43495727425662,0.0
82,1631682498037279,25.19315178936813,1.4041511876881123,1.4028780746739358,191.01530412545299,0.0
82,1631682498141727,25.178533488535322,1.402830773293972,1.4036407719831914,190.27901152897522,0.0
82,1631682498240500,25.213490294874646,1.4022213512659072,1.4025729957502335,190.23447906194147,0.0
82,1631682498343269,25.185524849803187,1.4019674254208803,1.403691618470475,189.967503042209,0.0
82,1631682498445150,25.188702741288584,1.402830773293972,1.4036407719831914,190.4126714881412,0.37
82,1631682498546925,25.19315178936813,1.4022721364349127,1.4037424649577588,190.47953667173906,0.0
82,1631682498650550,25.18234695831779,1.4032878398150206,1.4034373860340565,190.5241265049242,0.0
82,1631682498750428,25.20268546382431,1.4026784177869558,1.4024713027756661,189.94527196025666,0.69
82,1631682498854404,25.176626753644086,1.4021197809278965,1.404403469292447,189.78972721457293,0.0
82,1631682498958186,25.185524849803187,1.4016119292378426,1.4034882325213403,190.32355442072605,0.0
82,1631682499055815,25.167728657484982,1.4026784177869558,1.4027763816993684,190.1009441847473,0.0
82,1631682499156576,25.180440223426558,1.4035417656600475,1.4037933114450425,189.27954788207765,0.935
82,1631682499256033,25.184889271506105,1.403338624984026,1.4031323071103543,190.63564676012157,0.0
82,1631682499356651,25.195058524259366,1.403490980491042,1.4028780746739358,190.23447906194147,0.575
82,1631682499457189,25.177262331941165,1.4040496173501014,1.4031323071103543,189.98973672607394,0.0
82,1631682499562684,25.175991175347008,1.403338624984026,1.4034373860340565,190.3012816716087,0.0
82,1631682894556505,25.177262331941165,1.4035417656600475,1.4030814606230706,190.65795864313094,0.0
82,1631682894668249,25.181711380020715,1.4042019728571176,1.4012509870808572,190.34582977663314,0.565
82,1631682894845734,25.174084440455776,1.4044051135331392,1.4032340000849217,189.54555706523303,0.16
82,1631682894941924,25.17535559704993,1.404912965223193,1.4036407719831914,190.59103082698957,0.0
82,1631682895043346,25.181075801723633,1.4038972618430854,1.402318763313815,190.59103082698957,0.0
82,1631682895146689,25.180440223426558,1.4038972618430854,1.403539079008624,191.06001937778714,0.0
82,1631682895246767,25.198236415744756,1.4027292029559613,1.4030814606230706,189.94527196025666,0.0
82,1631682895347820,25.212854716577564,1.4025260622799396,1.401962837902829,189.98973672607394,0.035
82,1631682895447852,25.20777009020094,1.4026784177869558,1.404047543881461,190.4126714881412,1.23
82,1631682895549731,25.19315178936813,1.4041004025191068,1.40389500441961,190.59103082698957,0.0
82,1631682895667756,25.202049885527234,1.4044051135331392,1.4035899254959077,190.61333748817657,0.0
82,1631682895771938,25.191880632773973,1.403592550829053,1.4025729957502335,190.7695572348334,0.0
82,1631682895872075,25.195694102556445,1.4045574690401554,1.4035899254959077,190.32355442072605,0.0
82,1631682895978577,25.198871994041838,1.403338624984026,1.4042000833433121,191.171853309321,0.875
82,1631682896078591,25.20649893360678,1.4021197809278965,1.4030814606230706,189.94527196025666,0.0
82,1631682896180753,25.177897910238244,1.402830773293972,1.4039966973941773,190.70259024356355,0.0
82,1631682896282689,25.196329680853523,1.403084699138999,1.4037933114450425,190.45724566868762,0.75
82,1631682896384351,25.20777009020094,1.4022721364349127,1.4024713027756661,190.1676999023983,0.0
82,1631682896485291,25.195694102556445,1.4036433359980582,1.4029289211612195,190.21221673693086,0.0
82,1631682896586366,25.187431584694426,1.403490980491042,1.4030814606230706,190.34582977663314,0.385
82,1631682896686605,25.181075801723633,1.4045574690401554,1.4026238422375172,190.1009441847473,0.0
82,1631682896787223,25.198236415744756,1.4031862694770099,1.4035899254959077,190.56872677625543,0.0
82,1631683090811907,25.20713451190386,1.4031354843080044,1.403691618470475,190.25674399252102,0.0
82,1631683091211933,25.187431584694426,1.4029323436319827,1.403539079008624,190.4126714881412,0.54
82,1631683091322234,25.196329680853523,1.4024752771109343,1.4033865395467728,190.65795864313094,0.0
82,1631683091421225,25.194422945962287,1.4024752771109343,1.4025221492629498,190.4126714881412,0.0
82,1631683091522778,25.20459219871555,1.4023737067729234,1.4049627806525677,190.21221673693086,0.0
82,1631683091625564,25.19315178936813,1.4052176762372255,1.4030814606230706,190.43495727425662,0.0
82,1631683091725839,25.19251621107105,1.402576847448945,1.4043526228051633,189.85637364548535,0.0
82,1631683091826769,25.20459219871555,1.4036941211670637,1.404047543881461,190.5241265049242,0.0
82,1631683091925707,25.202049885527234,1.4036941211670637,1.4035899254959077,190.94825086816604,0.0
82,1631683092027182,25.181075801723633,1.4038972618430854,1.4031323071103543,190.4126714881412,0.0
82,1631683092128276,25.190609476179816,1.4032878398150206,1.4034373860340565,190.1009441847473,0.0
82,1631683092231828,25.188702741288584,1.4032370546460151,1.4032340000849217,189.70090169795841,0.0
82,1631683092340344,25.194422945962287,1.4029323436319827,1.4046577017288655,190.70259024356355,0.89
82,1631683092440510,25.167728657484982,1.4031354843080044,1.4039966973941773,189.967503042209,1.095
82,1631683092540461,25.215397029765878,1.4031862694770099,1.4024204562883824,190.68027313750983,0.0
82,1631683092641768,25.19378736766521,1.40384647667408,1.4024713027756661,190.47953667173906,0.0
82,1631683092747267,25.209676825092174,1.4039480470120906,1.4042509298305959,190.88122114898954,0.0
82,1631683092845828,25.175991175347008,1.4042019728571176,1.4032340000849217,189.85637364548535,0.0
82,1631683092947307,25.219846077845432,1.4046590393781662,1.4041492368560284,190.43495727425662,0.0
82,1631683093048853,25.1791690668324,1.4042019728571176,1.4040983903687447,190.1009441847473,0.0
82,1631683093153495,25.19251621107105,1.4041004025191068,1.403691618470475,189.7231041789602,0.0
82,1631683093260040,25.198236415744756,1.4028815584629775,1.40389500441961,190.56872677625543,0.0
82,1631683093365386,25.185524849803187,1.403490980491042,1.4046068552415818,190.56872677625543,1.9
82,1631683093469820,25.18234695831779,1.4041004025191068,1.4029797676485032,190.68027313750983,0.225
82,1631700150096842,25.20713451190386,1.4039480470120906,1.4022170703392476,190.189957017185,0.44
82,1631700150622017,25.17980464512948,1.401916640251875,1.4037933114450425,190.72490996159846,0.0
82,1631700150729909,25.177897910238244,1.403490980491042,1.4039458509068936,190.0119730121557,0.32
82,1631700150833354,25.198871994041838,1.4031354843080044,1.4042509298305959,190.68027313750983,0.0
82,1631700150932332,25.18933831958566,1.4037449063360692,1.403030614135787,190.72490996159846,0.0
82,1631700151039078,25.18997389788274,1.4029323436319827,1.4034373860340565,190.189957017185,0.0
82,1631700151138931,25.184889271506105,1.4029831288009882,1.4029797676485032,190.3012816716087,0.0
82,1631700151244588,25.209041246795096,1.40384647667408,1.4031323071103543,190.05645339218975,0.0
82,1631700151342563,25.21094798168633,1.4031354843080044,1.4022679168265313,190.189957017185,0.0
82,1631700151445949,25.182982536614873,1.4029831288009882,1.4024713027756661,190.32355442072605,0.0
82,1631700151546505,25.18616042810027,1.4020182105898857,1.402674688724801,190.83654774218613,0.0
82,1631700151646169,25.173448862158693,1.4021197809278965,1.4029289211612195,190.32355442072605,0.0
82,1631700151750004,25.215397029765878,1.402170566096902,1.404759394703433,190.56872677625543,0.0
82,1631700151849705,25.18616042810027,1.4041004025191068,1.4032848465722054,190.1009441847473,0.0
82,1631700151952246,25.20077872893307,1.403338624984026,1.4043017763178796,190.99295042383477,0.0
82,1631700152051786,25.194422945962287,1.4051668910682202,1.4043017763178796,190.54642533566906,0.49
82,1631700152156949,25.1969652591506,1.403592550829053,1.4027763816993684,190.63564676012157,0.0
82,1631700152255330,25.200143150635995,1.4038972618430854,1.4042509298305959,190.74723229192,0.0
82,1631700152358019,25.195694102556445,1.403084699138999,1.403030614135787,190.59103082698957,0.0
82,1631700152458300,25.175991175347008,1.4043035431951285,1.4046577017288655,190.1009441847473,0.0
82,1631700152558089,25.212854716577564,1.4041511876881123,1.4032848465722054,189.78972721457293,0.485
82,1631700152662787,25.188702741288584,1.4036433359980582,1.402318763313815,190.36810773963427,0.0
82,1631700152758973,25.20713451190386,1.4051668910682202,1.403691618470475,190.21221673693086,0.0
82,1631700152889011,25.215397029765878,1.404760609716177,1.4029289211612195,190.47953667173906,0.0
82,1631700152987765,25.185524849803187,1.4031354843080044,1.401606912491843,190.85888313852726,0.79
82,1631700153090198,25.22111723443959,1.4029323436319827,1.4039458509068936,190.72490996159846,0.0
82,1631700153191382,25.20713451190386,1.4036433359980582,1.403691618470475,190.72490996159846,0.0
82,1631700153293489,25.209041246795096,1.4016627144068479,1.4032848465722054,189.90081760087244,0.0
82,1631700153395569,25.1969652591506,1.4021197809278965,1.4045051622670144,190.0786974867505,0.0
82,1631700153500199,25.1880671629915,1.4035417656600475,1.4032340000849217,190.63564676012157,0.0
82,1631700153605342,25.216668186360035,1.4033894101530313,1.401962837902829,190.65795864313094,0.0
82,1631700153708120,25.205863355309706,1.4047098245471716,1.4024713027756661,190.45724566868762,0.0
82,1631700153809419,25.182982536614873,1.403338624984026,1.403691618470475,189.87859432283125,0.0
82,1631700153912822,25.18997389788274,1.4041511876881123,1.4033865395467728,190.0786974867505,0.325
82,1631700154018187,25.175991175347008,1.4042019728571176,1.4042509298305959,190.65795864313094,0.0
82,1631700154114473,25.21158355998341,1.4026276326179505,1.4041492368560284,190.56872677625543,0.0
82,1631700154216810,25.18616042810027,1.4038972618430854,1.4031323071103543,190.63564676012157,0.0
82,1631700154318182,25.18425369320903,1.402576847448945,1.4050136271398515,190.79188479064527,0.0
82,1631700154418448,25.19251621107105,1.4032878398150206,1.4034373860340565,191.06001937778714,0.585
82,1631700154521578,25.19251621107105,1.4039988321810961,1.4024204562883824,190.1676999023983,0.0
82,1631700154623322,25.186796006397344,1.4035417656600475,1.4032340000849217,189.967503042209,0.15
82,1631700154724418,25.196329680853523,1.4020182105898857,1.404047543881461,190.94825086816604,0.0
82,1631700154827988,25.188702741288584,1.4034401953220368,1.403183153597638,190.3012816716087,0.0
82,1631700154932149,25.19251621107105,1.403490980491042,1.4025729957502335,190.14544539226625,0.415
82,1631700155032411,25.20077872893307,1.4043543283641338,1.4022679168265313,190.70259024356355,0.05
82,1631700155132611,25.194422945962287,1.4033894101530313,1.4035899254959077,190.81421495966066,0.955
82,1631700155235880,25.187431584694426,1.4033894101530313,1.4042509298305959,190.54642533566906,0.0
82,1631700155334744,25.182982536614873,1.4032370546460151,1.4039966973941773,190.32355442072605,0.0
82,1631700155440581,25.18425369320903,1.4034401953220368,1.4036407719831914,189.85637364548535,0.0
82,1631700155534250,25.187431584694426,1.4029323436319827,1.4033865395467728,190.3012816716087,0.745
82,1631700155640833,25.18997389788274,1.4050653207302093,1.4043017763178796,190.83654774218613,0.0
82,1631700155741742,25.18616042810027,1.4030339139699937,1.4031323071103543,189.8119400916601,0.0
82,1631700155840572,25.170270970673304,1.4049637503921986,1.403030614135787,190.45724566868762,0.5
82,1631700155940749,25.20332104212139,1.4029831288009882,1.4033356930594891,190.03421190075957,0.225
82,1631700156039540,25.214761451468803,1.4044051135331392,1.4034882325213403,190.21221673693086,0.0
82,1631700156142673,25.19760083744768,1.4033894101530313,1.401810298440978,189.967503042209,0.0
82,1631700156245381,25.20713451190386,1.40384647667408,1.4047085482161492,189.7231041789602,0.0
82,1631700156346085,25.166457500890825,1.403084699138999,1.403030614135787,190.9705993381748,0.0
82,1631700156452586,25.195694102556445,1.403490980491042,1.403030614135787,191.06001937778714,0.0
82,1631700156550662,25.20268546382431,1.402576847448945,1.402318763313815,190.94825086816604,0.3
82,1631700156652928,25.208405668498017,1.4037449063360692,1.4045051622670144,190.39038831003538,0.0
82,1631700156758039,25.20459219871555,1.4032370546460151,1.4050136271398515,190.5241265049242,0.0
82,1631700156856180,25.182982536614873,1.4042019728571176,1.4030814606230706,189.87859432283125,0.57
82,1631700156958070,25.182982536614873,1.403490980491042,1.403539079008624,190.32355442072605,0.0
82,1631700157062569,25.18933831958566,1.4039480470120906,1.404047543881461,190.3012816716087,0.0
82,1631700157165592,25.194422945962287,1.4031354843080044,1.4022679168265313,190.54642533566906,0.0
82,1631700157269391,25.178533488535322,1.4033894101530313,1.4031323071103543,190.4126714881412,0.0
82,1631700157365975,25.20268546382431,1.4037956915050744,1.4033865395467728,190.54642533566906,0.0
82,1631700157468952,25.188702741288584,1.4039988321810961,1.4039458509068936,190.1009441847473,0.0
82,1631700157568559,25.210312403389253,1.4031862694770099,1.403691618470475,190.5018302837159,0.0
82,1631700157670302,25.18616042810027,1.403490980491042,1.402674688724801,190.70259024356355,0.0
82,1631700157772205,25.172177705564536,1.4040496173501014,1.4021153773646802,190.56872677625543,0.725
82,1631700157872621,25.18234695831779,1.4031354843080044,1.4024713027756661,190.45724566868762,0.0
82,1631700157974970,25.172177705564536,1.402830773293972,1.4055220920126885,190.27901152897522,0.805
82,1631700158079702,25.186796006397344,1.4026784177869558,1.4042509298305959,190.79188479064527,0.0
82,1631700158176905,25.191880632773973,1.402170566096902,1.4037424649577588,191.1047450976274,0.0
82,1631700158280329,25.185524849803187,1.4032370546460151,1.401810298440978,190.23447906194147,0.0
82,1631700158381812,25.178533488535322,1.4030339139699937,1.4015052195172757,190.83654774218613,1.0
82,1631700158480736,25.194422945962287,1.4037449063360692,1.4046068552415818,190.34582977663314,0.0
82,1631700158582999,25.170270970673304,1.4018658550828695,1.4040983903687447,190.25674399252102,0.0
82,1631700158685489,25.19315178936813,1.4036433359980582,1.4027763816993684,190.4126714881412,0.0
82,1631700158803518,25.20777009020094,1.4036433359980582,1.4042000833433121,190.56872677625543,0.0
82,1631700158909095,25.19760083744768,1.4025260622799396,1.4020645308773965,190.68027313750983,0.0
82,1631700159008533,25.1791690668324,1.4041004025191068,1.4017594519536942,190.25674399252102,0.0
82,1631700159110628,25.195694102556445,1.4024244919419289,1.4041492368560284,190.45724566868762,0.0
82,1631700159211359,25.19315178936813,1.4021197809278965,1.4030814606230706,190.34582977663314,0.0
82,1631700159313933,25.190609476179816,1.4020689957588912,1.4025221492629498,189.98973672607394,0.6
82,1631700159421311,25.18616042810027,1.4021197809278965,1.4026238422375172,190.189957017185,0.0
82,1631700159518990,25.196329680853523,1.4038972618430854,1.4034882325213403,190.63564676012157,0.0
82,1631700159619946,25.1969652591506,1.4026276326179505,1.4029797676485032,190.45724566868762,0.445
82,1631700159718277,25.16899981407914,1.4027292029559613,1.4051661666017026,190.3012816716087,0.0
82,1631700159821779,25.186796006397344,1.4024244919419289,1.4031323071103543,189.85637364548535,0.0
82,1631700159925930,25.200143150635995,1.4044051135331392,1.4032340000849217,189.8341555685296,0.0
82,1631700160024853,25.1791690668324,1.4026276326179505,1.4033865395467728,189.98973672607394,0.0
82,1631700160127359,25.200143150635995,1.404252758026123,1.4028780746739358,190.1009441847473,0.0
82,1631700160226828,25.195058524259366,1.401408788561821,1.403539079008624,191.14948128742336,0.0
82,1631700160324729,25.209676825092174,1.4016627144068479,1.404047543881461,190.54642533566906,0.0
82,1631700160426996,25.21603260806296,1.4020689957588912,1.4025221492629498,190.12319348648444,0.0
82,1631700160527429,25.183618114911948,1.4018658550828695,1.4029797676485032,190.23447906194147,0.0
82,1631700160628985,25.19251621107105,1.403084699138999,1.4033865395467728,189.65650453043446,0.0
82,1631700160734098,25.183618114911948,1.403592550829053,1.4046577017288655,190.3012816716087,0.435
82,1631700160833753,25.20332104212139,1.402830773293972,1.4027763816993684,190.68027313750983,0.0
82,1631700160934892,25.18234695831779,1.4032878398150206,1.4042509298305959,190.90356177387966,0.0
82,1631700161036774,25.198236415744756,1.4036433359980582,1.4031323071103543,190.5018302837159,0.0
82,1631700161131811,25.18997389788274,1.403490980491042,1.4044543157797307,191.5749977483685,0.245
82,1631700161235710,25.21158355998341,1.403592550829053,1.4034373860340565,190.68027313750983,0.0
82,1631700161335279,25.196329680853523,1.4043035431951285,1.4038441579323262,190.05645339218975,0.0
82,1631700161436196,25.196329680853523,1.4038972618430854,1.4031323071103543,190.61333748817657,0.0
82,1631700161537771,25.198871994041838,1.4029323436319827,1.4035899254959077,190.0119730121557,0.0
82,1631700161635345,25.21603260806296,1.4037956915050744,1.4039966973941773,190.4126714881412,0.0
82,1631700161738096,25.20268546382431,1.404252758026123,1.4043526228051633,190.03421190075957,0.0
82,1631700161836248,25.20077872893307,1.4043543283641338,1.4048102411907166,190.4126714881412,0.065
82,1631700161936517,25.213490294874646,1.4041511876881123,1.4026238422375172,190.45724566868762,0.0
82,1631700162037578,25.190609476179816,1.40384647667408,1.40389500441961,190.54642533566906,0.0
82,1631700162136897,25.199507572338913,1.403084699138999,1.4024713027756661,190.74723229192,0.0
82,1631700162239646,25.19378736766521,1.4055731724202634,1.4024713027756661,190.05645339218975,1.44
82,1631700162336147,25.180440223426558,1.4039988321810961,1.401810298440978,189.87859432283125,0.0
82,1631700162438229,25.184889271506105,1.4023229216039181,1.4031323071103543,190.45724566868762,0.0
82,1631700162539618,25.20077872893307,1.4031862694770099,1.400945908157155,190.5018302837159,0.0
82,1631700162639918,25.198236415744756,1.4029323436319827,1.4042509298305959,190.85888313852726,0.0
82,1631700162747466,25.196329680853523,1.4035417656600475,1.4044543157797307,190.34582977663314,0.0
82,1631700162845853,25.196329680853523,1.40450668387115,1.4032340000849217,189.8341555685296,0.0
82,1631700162949652,25.19251621107105,1.4031862694770099,1.4038441579323262,190.81421495966066,0.0
82,1631700163047078,25.191880632773973,1.403490980491042,1.4039966973941773,190.65795864313094,0.85
82,1631700163148608,25.198236415744756,1.4024752771109343,1.4028780746739358,190.61333748817657,0.0
82,1631700163246853,25.167728657484982,1.4036433359980582,1.4048102411907166,190.39038831003538,0.575
82,1631700163346967,25.19760083744768,1.402830773293972,1.4022679168265313,190.56872677625543,0.0
82,1631700163445470,25.186796006397344,1.4032878398150206,1.403183153597638,190.21221673693086,0.0
82,1631700163547629,25.21412587317172,1.4031354843080044,1.404403469292447,190.43495727425662,0.0
82,1631700163648145,25.196329680853523,1.4037956915050744,1.4040983903687447,190.12319348648444,0.0
82,1631700163747481,25.17535559704993,1.4031354843080044,1.4043017763178796,190.14544539226625,0.0
82,1631700163852899,25.212854716577564,1.4043543283641338,1.403691618470475,190.25674399252102,0.0
82,1631700163951385,25.187431584694426,1.4037449063360692,1.4028780746739358,190.54642533566906,0.0
82,1631700164052572,25.177262331941165,1.4027799881249665,1.402827228186652,190.43495727425662,0.0
82,1631700164152196,25.210312403389253,1.4030339139699937,1.401606912491843,190.68027313750983,0.0
82,1631700164253699,25.201414307230152,1.4026276326179505,1.4027763816993684,190.27901152897522,0.0
82,1631700164354631,25.21221913828049,1.4029323436319827,1.4024204562883824,190.74723229192,0.0
82,1631700164453855,25.17535559704993,1.4043543283641338,1.4020645308773965,190.1676999023983,0.0
82,1631700164555478,25.183618114911948,1.4044051135331392,1.4032340000849217,190.5018302837159,0.0
82,1631700164655975,25.186796006397344,1.4039988321810961,1.4017594519536942,190.63564676012157,0.0
82,1631700164756086,25.20268546382431,1.4024752771109343,1.4032848465722054,190.43495727425662,0.0
82,1631700164859519,25.18234695831779,1.4053192465752362,1.4043017763178796,189.94527196025666,0.0
82,1631700164961765,25.1880671629915,1.404252758026123,1.4035899254959077,190.34582977663314,0.0
82,1631700165061970,25.177897910238244,1.4036941211670637,1.4034373860340565,190.34582977663314,0.0
82,1631700165163124,25.18997389788274,1.403338624984026,1.4025221492629498,189.94527196025666,0.0
82,1631700165265965,25.17980464512948,1.4027799881249665,1.4021153773646802,190.36810773963427,0.0
82,1631700165368091,25.176626753644086,1.4043543283641338,1.403183153597638,190.68027313750983,0.0
82,1631700165467914,25.167093079187907,1.4029831288009882,1.4034882325213403,190.21221673693086,0.0
82,1631700165567020,25.1880671629915,1.4032370546460151,1.4040983903687447,190.39038831003538,0.565
82,1631700165668148,25.195058524259366,1.4020182105898857,1.4033356930594891,190.9705993381748,0.0
82,1631700165768562,25.202049885527234,1.4025260622799396,1.4024204562883824,190.90356177387966,0.0
82,1631700165868399,25.199507572338913,1.4035417656600475,1.4021153773646802,190.5241265049242,0.0
82,1631700165970476,25.184889271506105,1.4039480470120906,1.40389500441961,190.1009441847473,0.0
82,1631700166073098,25.183618114911948,1.4030339139699937,1.4029289211612195,190.5241265049242,0.0
82,1631700166172850,25.1791690668324,1.4027799881249665,1.403539079008624,190.59103082698957,0.0
82,1631700166271007,25.173448862158693,1.4032370546460151,1.404403469292447,190.27901152897522,0.0
82,1631700166370113,25.181711380020715,1.4038972618430854,1.4032848465722054,190.9259050135029,0.0
82,1631700166470682,25.187431584694426,1.40384647667408,1.4037933114450425,189.6787018152181,0.655
82,1631700166572756,25.184889271506105,1.4046590393781662,1.4033865395467728,190.43495727425662,0.0
82,1631700166672968,25.172177705564536,1.4021197809278965,1.4030814606230706,190.1676999023983,0.0
82,1631700166774410,25.201414307230152,1.4035417656600475,1.4036407719831914,190.1009441847473,0.0
82,1631700166877041,25.208405668498017,1.4043035431951285,1.4032340000849217,190.63564676012157,0.0
82,1631700166977882,25.186796006397344,1.4035417656600475,1.403183153597638,190.14544539226625,0.0
82,1631700167078233,25.17980464512948,1.4045574690401554,1.4032340000849217,190.43495727425662,0.0
82,1631700167178143,25.186796006397344,1.404252758026123,1.404556008754298,190.23447906194147,0.465
82,1631700167280704,25.199507572338913,1.4037449063360692,1.4034373860340565,189.58992826078614,0.0
82,1631700167382555,25.20713451190386,1.4034401953220368,1.4029797676485032,190.3012816716087,0.0
82,1631700167483240,25.198871994041838,1.4036941211670637,1.4037933114450425,190.4126714881412,0.0
82,1631700167581958,25.209041246795096,1.4039480470120906,1.4024713027756661,190.54642533566906,0.0
82,1631700167681848,25.173448862158693,1.4032370546460151,1.4024204562883824,190.34582977663314,0.405
82,1631700167785564,25.21412587317172,1.4034401953220368,1.4027763816993684,190.1676999023983,0.0
82,1631700167885504,25.18234695831779,1.4024752771109343,1.4032848465722054,190.47953667173906,0.0
82,1631700167985888,25.209041246795096,1.404608254209161,1.402827228186652,190.74723229192,0.0
82,1631700168084302,25.212854716577564,1.4031354843080044,1.4027255352120847,190.45724566868762,0.0
82,1631700168186386,25.190609476179816,1.4024244919419289,1.403030614135787,190.25674399252102,0.72
82,1631700168287714,25.214761451468803,1.4040496173501014,1.4027763816993684,190.43495727425662,0.0
82,1631700168388843,25.195058524259366,1.403084699138999,1.4037933114450425,190.05645339218975,0.055
82,1631700168487843,25.21158355998341,1.4039988321810961,1.4032848465722054,190.34582977663314,0.0
82,1631700168589838,25.200143150635995,1.4020689957588912,1.4034373860340565,190.1676999023983,0.37
82,1631700168690304,25.186796006397344,1.4026784177869558,1.4028780746739358,190.05645339218975,0.515
82,1631700168787327,25.203956620418467,1.4051668910682202,1.403030614135787,190.3012816716087,0.28
82,1631700168891243,25.201414307230152,1.4032878398150206,1.4022170703392476,190.25674399252102,0.0
82,1631700168991033,25.190609476179816,1.4021197809278965,1.402827228186652,190.32355442072605,0.0
82,1631700169093430,25.18425369320903,1.4031862694770099,1.403030614135787,191.19422794962637,0.83
82,1631700169193621,25.212854716577564,1.4028815584629775,1.4034882325213403,190.81421495966066,0.48
82,1631700169293261,25.184889271506105,1.403490980491042,1.4033865395467728,190.99295042383477,0.0
82,1631700169392647,25.1880671629915,1.403338624984026,1.4039966973941773,190.0786974867505,0.0
82,1631700169494292,25.190609476179816,1.40384647667408,1.4032848465722054,190.81421495966066,0.0
82,1631700169596534,25.216668186360035,1.4034401953220368,1.4038441579323262,190.74723229192,0.0
82,1631700169697444,25.16582192259375,1.403084699138999,1.403539079008624,189.41250577605445,0.0
82,1631700169798143,25.186796006397344,1.4035417656600475,1.4032848465722054,189.70090169795841,0.0
82,1631700169898728,25.19378736766521,1.4033894101530313,1.4012509870808572,190.63564676012157,0.885
82,1631700169993292,25.19251621107105,1.4022721364349127,1.4034373860340565,190.27901152897522,0.245
82,1631700170098251,25.182982536614873,1.4033894101530313,1.4025221492629498,190.5241265049242,1.335
82,1631700170199102,25.198236415744756,1.4027799881249665,1.4036407719831914,190.23447906194147,0.0
82,1631700170299570,25.1969652591506,1.402576847448945,1.4029797676485032,190.32355442072605,0.0
82,1631700170399201,25.19760083744768,1.4027292029559613,1.4025221492629498,190.3012816716087,0.0
82,1631700170498218,25.186796006397344,1.4029831288009882,1.404403469292447,190.70259024356355,0.0
82,1631700170598814,25.202049885527234,1.4041511876881123,1.4034882325213403,190.61333748817657,0.0
82,1631700170702382,25.18616042810027,1.405014535561204,1.4037933114450425,190.21221673693086,0.0
82,1631700170804255,25.194422945962287,1.4029831288009882,1.4037424649577588,190.7695572348334,0.0
82,1631700170907376,25.219210499548357,1.4040496173501014,1.4034882325213403,190.27901152897522,0.0
82,1631700171001773,25.198871994041838,1.403592550829053,1.403183153597638,190.3012816716087,0.0
82,1631700171106673,25.195058524259366,1.4043543283641338,1.4043526228051633,190.05645339218975,0.0
82,1631700171206297,25.201414307230152,1.4028815584629775,1.4029797676485032,190.74723229192,0.0
82,1631700171307877,25.203956620418467,1.4026276326179505,1.4038441579323262,190.39038831003538,0.0
82,1631700171408039,25.18616042810027,1.403592550829053,1.4024713027756661,190.65795864313094,0.0
82,1631700171507011,25.195058524259366,1.4038972618430854,1.4033356930594891,190.74723229192,0.89
82,1631700171608871,25.181075801723633,1.4026276326179505,1.4029797676485032,190.0786974867505,0.0
82,1631700171711963,25.200143150635995,1.4029831288009882,1.4031323071103543,190.9259050135029,0.0
82,1631700171811471,25.195058524259366,1.4032370546460151,1.404047543881461,190.34582977663314,0.0
82,1631700171911257,25.19760083744768,1.4029831288009882,1.402827228186652,189.6787018152181,0.0
82,1631700172012572,25.20459219871555,1.403338624984026,1.4042509298305959,190.83654774218613,2.38
82,1631700172113339,25.210312403389253,1.4027799881249665,1.4015560660045594,189.967503042209,0.635
82,1631700172212530,25.163279609405436,1.403592550829053,1.4035899254959077,190.99295042383477,0.0
82,1631700172313741,25.182982536614873,1.4033894101530313,1.4022679168265313,190.43495727425662,0.375
82,1631700172412520,25.191245054476894,1.403592550829053,1.404047543881461,189.9230434799129,0.0
82,1631700172514403,25.1880671629915,1.4053192465752362,1.402827228186652,190.39038831003538,0.0
82,1631700172616020,25.20713451190386,1.4038972618430854,1.4033865395467728,190.61333748817657,0.0
82,1631700172716426,25.20268546382431,1.4027799881249665,1.4043017763178796,190.5241265049242,0.0
82,1631700172818184,25.212854716577564,1.402170566096902,1.4033865395467728,189.90081760087244,0.0
82,1631700172919471,25.195058524259366,1.4022721364349127,1.4029289211612195,189.76751693696312,0.0
82,1631700173022233,25.187431584694426,1.4036941211670637,1.4042509298305959,191.26136758405713,0.63
82,1631700173124099,25.20459219871555,1.4041511876881123,1.4039458509068936,190.21221673693086,0.0
82,1631700173221965,25.205227777012624,1.4036941211670637,1.4025221492629498,190.23447906194147,0.0
82,1631700173323695,25.19315178936813,1.4041511876881123,1.4027763816993684,190.32355442072605,0.0
82,1631700173424239,25.195058524259366,1.4027799881249665,1.4032848465722054,190.189957017185,0.0
82,1631700173525125,25.19378736766521,1.4040496173501014,1.4024713027756661,190.54642533566906,0.0
82,1631700173626275,25.174084440455776,1.4032370546460151,1.4038441579323262,190.5018302837159,0.47
82,1631700173728912,25.184889271506105,1.404252758026123,1.4035899254959077,190.43495727425662,0.0
82,1631700173828705,25.209676825092174,1.4029831288009882,1.40389500441961,190.32355442072605,0.78
82,1631700173931870,25.1969652591506,1.4030339139699937,1.402674688724801,190.25674399252102,0.0
82,1631700174041420,25.21094798168633,1.402830773293972,1.4024713027756661,190.27901152897522,0.0
82,1631700174140349,25.1969652591506,1.4028815584629775,1.402827228186652,190.21221673693086,0.0
82,1631700174240276,25.196329680853523,1.4039480470120906,1.403691618470475,190.25674399252102,0.0
82,1631700174340074,25.18234695831779,1.4034401953220368,1.4034373860340565,190.3012816716087,0.0
82,1631700174441146,25.209676825092174,1.4047098245471716,1.4032340000849217,190.90356177387966,0.0
82,1631700174540094,25.19760083744768,1.4043035431951285,1.4046577017288655,190.7695572348334,0.0
82,1631700174641544,25.200143150635995,1.403490980491042,1.405623784987256,190.0119730121557,0.0
82,1631700174746009,25.196329680853523,1.4025260622799396,1.4031323071103543,189.9230434799129,0.0
82,1631700174845904,25.181075801723633,1.4027799881249665,1.4029797676485032,190.56872677625543,0.0
82,1631700174946993,25.17154212726746,1.4037449063360692,1.403539079008624,189.94527196025666,0.0
82,1631700175046422,25.181075801723633,1.4025260622799396,1.4037933114450425,190.34582977663314,0.0
82,1631700175146138,25.188702741288584,1.4031862694770099,1.403539079008624,190.32355442072605,0.0
82,1631700175245232,25.191880632773973,1.40450668387115,1.4032848465722054,189.56774136479115,0.0
82,1631700175345357,25.174084440455776,1.40384647667408,1.4044543157797307,190.39038831003538,0.0
82,1631700175445700,25.1791690668324,1.4034401953220368,1.4031323071103543,190.3012816716087,0.0
82,1631700175547507,25.212854716577564,1.4022213512659072,1.4024204562883824,191.1047450976274,0.93
82,1631700175648225,25.203956620418467,1.4027799881249665,1.404556008754298,190.59103082698957,0.0
82,1631700175748429,25.198236415744756,1.4028815584629775,1.4032848465722054,190.12319348648444,0.0
82,1631700175850848,25.187431584694426,1.4027799881249665,1.4036407719831914,190.3012816716087,1.23
82,1631700175953356,25.19315178936813,1.4042019728571176,1.40389500441961,189.98973672607394,0.0
82,1631700176054295,25.175991175347008,1.4036941211670637,1.4048610876780003,190.4126714881412,0.0
82,1631700176154185,25.201414307230152,1.40384647667408,1.402674688724801,190.21221673693086,0.0
82,1631700176256804,25.205227777012624,1.4041511876881123,1.4034882325213403,190.0119730121557,0.0
82,1631700176352365,25.184889271506105,1.4019674254208803,1.4037933114450425,190.9259050135029,0.0
82,1631700176454222,25.18616042810027,1.4015103588998317,1.4030814606230706,190.1676999023983,0.0
82,1631700176556937,25.178533488535322,1.4035417656600475,1.4040983903687447,190.79188479064527,0.855
82,1631700176658146,25.195694102556445,1.4031862694770099,1.4042000833433121,190.65795864313094,0.0
82,1631700176762423,25.190609476179816,1.4034401953220368,1.4029289211612195,190.47953667173906,0.0
82,1631700176862869,25.18425369320903,1.40450668387115,1.403539079008624,190.27901152897522,0.59
82,1631700176962964,25.20268546382431,1.4024752771109343,1.402318763313815,190.36810773963427,0.47
82,1631700177063368,25.200143150635995,1.4033894101530313,1.4043526228051633,190.36810773963427,0.325
82,1631700177166889,25.21158355998341,1.403338624984026,1.4037424649577588,190.05645339218975,0.0
82,1631700177267825,25.194422945962287,1.4024752771109343,1.4039966973941773,190.68027313750983,0.0
82,1631700177364560,25.190609476179816,1.4037449063360692,1.4031323071103543,189.5233753618083,1.065
82,1631700177468035,25.187431584694426,1.4031862694770099,1.4043526228051633,189.45684582529708,0.0
82,1631700177568330,25.205863355309706,1.4030339139699937,1.4027255352120847,190.83654774218613,0.0
82,1631700177669850,25.191880632773973,1.4036433359980582,1.4029289211612195,190.14544539226625,0.0
82,1631700177774674,25.175991175347008,1.4028815584629775,1.4033865395467728,190.1676999023983,0.0
82,1631700177866722,25.202049885527234,1.4031354843080044,1.4019119914155453,189.9230434799129,0.0
82,1631700177969862,25.205863355309706,1.4029323436319827,1.404403469292447,189.9230434799129,0.0
82,1631700178073895,25.195694102556445,1.4035417656600475,1.40389500441961,190.27901152897522,0.665
82,1631700178172957,25.187431584694426,1.4024244919419289,1.4024713027756661,190.25674399252102,0.0
82,1631700178272560,25.20459219871555,1.4025260622799396,1.4048610876780003,190.14544539226625,0.0
82,1631700178373937,25.20268546382431,1.4033894101530313,1.4041492368560284,190.1676999023983,0.0
82,1631700178476187,25.191880632773973,1.4032370546460151,1.4042000833433121,190.54642533566906,0.0
82,1631700178580519,25.20459219871555,1.4035417656600475,1.4027255352120847,190.63564676012157,0.0
82,1631700178680964,25.195058524259366,1.4034401953220368,1.4017594519536942,189.967503042209,0.765
82,1631700178780274,25.209041246795096,1.403490980491042,1.4029797676485032,190.54642533566906,0.0
82,1631700178884760,25.18933831958566,1.4026784177869558,1.4034882325213403,190.74723229192,0.0
82,1631700178982836,25.18425369320903,1.4045574690401554,1.4032848465722054,189.9230434799129,0.0
82,1631700179084953,25.205863355309706,1.40384647667408,1.403691618470475,190.23447906194147,0.0
82,1631700179183193,25.19760083744768,1.4033894101530313,1.4032340000849217,190.25674399252102,0.0
82,1631700179284599,25.18616042810027,1.402576847448945,1.4030814606230706,190.59103082698957,0.0
82,1631700179387657,25.21094798168633,1.403490980491042,1.403691618470475,190.3012816716087,0.0
82,1631700179486966,25.210312403389253,1.4036433359980582,1.4027763816993684,190.34582977663314,0.425
82,1631700179586821,25.205227777012624,1.4040496173501014,1.4025729957502335,189.94527196025666,0.0
82,1631700179687471,25.21221913828049,1.4037449063360692,1.404047543881461,190.74723229192,0.0
82,1631700179792202,25.19760083744768,1.4042019728571176,1.4031323071103543,190.1009441847473,0.0
82,1631700179889588,25.186796006397344,1.4037449063360692,1.4026238422375172,190.4126714881412,0.745
82,1631700179989324,25.198236415744756,1.405268461406231,1.4021662238519639,189.63430984330427,0.0
82,1631700180090731,25.198871994041838,1.4027292029559613,1.4041492368560284,190.189957017185,0.0
82,1631700180189847,25.20649893360678,1.4025260622799396,1.4035899254959077,190.03421190075957,0.37
82,1631700180292116,25.184889271506105,1.4044051135331392,1.4023696098010987,191.06001937778714,0.0
82,1631700180391256,25.1969652591506,1.4023229216039181,1.402674688724801,190.4126714881412,0.0
82,1631700180493803,25.20077872893307,1.4036433359980582,1.4042000833433121,190.39038831003538,0.965
82,1631700180596237,25.196329680853523,1.4026276326179505,1.4031323071103543,190.59103082698957,1.755
82,1631700180696244,25.21094798168633,1.4027799881249665,1.4031323071103543,190.56872677625543,0.0
82,1631700180797921,25.191245054476894,1.4035417656600475,1.4034373860340565,190.59103082698957,0.0
82,1631700180897515,25.1969652591506,1.4024244919419289,1.402318763313815,190.189957017185,0.0
82,1631700180999096,25.20332104212139,1.4036941211670637,1.40389500441961,190.0786974867505,0.0
82,1631700181098512,25.2179393429542,1.4033894101530313,1.4045051622670144,190.39038831003538,0.065
82,1631700181198116,25.190609476179816,1.4032878398150206,1.4043017763178796,190.65795864313094,0.0
82,1631700181299979,25.194422945962287,1.4036433359980582,1.4027255352120847,190.5241265049242,0.0
82,1631700181399525,25.185524849803187,1.4045574690401554,1.4051153201144189,189.87859432283125,0.0
82,1631700181501456,25.19378736766521,1.4026784177869558,1.4036407719831914,190.72490996159846,0.0
82,1631700181601979,25.181711380020715,1.402576847448945,1.4042509298305959,189.85637364548535,0.0
82,1631700181701764,25.19760083744768,1.405928668603301,1.4032340000849217,189.98973672607394,0.08
82,1631700181804001,25.20459219871555,1.4046590393781662,1.4032340000849217,190.0786974867505,0.0
82,1631700181901913,25.181711380020715,1.4037956915050744,1.404403469292447,190.0786974867505,0.0
82,1631700182606064,25.201414307230152,1.4026276326179505,1.4017086054664105,190.94825086816604,0.0
82,1631700182720095,25.1969652591506,1.4034401953220368,1.4032340000849217,190.7695572348334,0.0
82,1631700182813023,25.191245054476894,1.4042019728571176,1.4029289211612195,190.1009441847473,0.0
82,1631700182914252,25.194422945962287,1.4031354843080044,1.403030614135787,190.3012816716087,0.0
82,1631700183014080,25.18234695831779,1.4024752771109343,1.402827228186652,190.54642533566906,0.0
82,1631700183114569,25.184889271506105,1.4027799881249665,1.4041492368560284,190.9259050135029,0.0
82,1631700183213114,25.181711380020715,1.4031862694770099,1.4023696098010987,190.27901152897522,0.0
82,1631700183313394,25.184889271506105,1.4036433359980582,1.4048102411907166,190.74723229192,0.0
82,1631700183413076,25.20332104212139,1.4027292029559613,1.4025729957502335,190.7695572348334,0.0
82,1631700183514696,25.18616042810027,1.4030339139699937,1.4031323071103543,190.4126714881412,0.0
82,1631700183614653,25.17980464512948,1.4039988321810961,1.4029797676485032,190.90356177387966,1.0
82,1631700183717223,25.20713451190386,1.403592550829053,1.4022679168265313,190.4126714881412,0.0
82,1631700183818378,25.19315178936813,1.4041511876881123,1.4033356930594891,190.85888313852726,0.0
82,1631700183918056,25.181075801723633,1.4028815584629775,1.4029289211612195,190.32355442072605,0.0
82,1631700184015366,25.209676825092174,1.402830773293972,1.4034882325213403,190.79188479064527,0.48
82,1631700184115951,25.1969652591506,1.4046590393781662,1.4040983903687447,190.47953667173906,0.0
82,1631700184216642,25.219210499548357,1.4037956915050744,1.4025729957502335,190.9705993381748,0.925
82,1631700184319477,25.194422945962287,1.403592550829053,1.4029797676485032,190.45724566868762,0.255
82,1631700184421480,25.20268546382431,1.4037449063360692,1.4024713027756661,189.78972721457293,0.0
82,1631700184517042,25.194422945962287,1.40450668387115,1.404047543881461,190.1009441847473,0.0
82,1631700184621852,25.205227777012624,1.4010025072097778,1.4040983903687447,190.63564676012157,0.0
82,1631700184720815,25.199507572338913,1.402830773293972,1.4036407719831914,190.39038831003538,0.0
82,1631700185228270,25.20077872893307,1.403338624984026,1.4014035265427083,190.03421190075957,0.0
82,1631700185335968,25.203956620418467,1.4034401953220368,1.4048610876780003,190.21221673693086,0.0
82,1631700185448728,25.195058524259366,1.4022213512659072,1.4037933114450425,190.90356177387966,0.0
82,1631700185542119,25.202049885527234,1.4039988321810961,1.404759394703433,190.12319348648444,0.0
82,1631700185641621,25.190609476179816,1.403490980491042,1.4051661666017026,190.03421190075957,0.0
82,1631700185743522,25.180440223426558,1.4029831288009882,1.4015052195172757,191.14948128742336,0.0
82,1631700185842969,25.205863355309706,1.4037449063360692,1.4025729957502335,190.0786974867505,0.0
82,1631700185942722,25.198236415744756,1.4029831288009882,1.4051153201144189,190.5241265049242,0.1
82,1631700186041128,25.219846077845432,1.4034401953220368,1.4043017763178796,189.6787018152181,1.0
82,1631700186143638,25.208405668498017,1.4039480470120906,1.4045051622670144,190.7695572348334,0.0
82,1631700186243276,25.19315178936813,1.4026276326179505,1.402827228186652,190.4126714881412,0.825
82,1631700186347791,25.205863355309706,1.4027292029559613,1.4051153201144189,189.8341555685296,0.0
82,1631700186448026,25.17980464512948,1.4037449063360692,1.4043017763178796,190.81421495966066,0.975
82,1631700186551223,25.178533488535322,1.403592550829053,1.4034882325213403,190.5241265049242,0.0
82,1631700186653523,25.18616042810027,1.4028815584629775,1.4034373860340565,190.63564676012157,0.0
82,1631700186751690,25.19760083744768,1.4037449063360692,1.4041492368560284,189.61211775352265,0.0
82,1631700186853778,25.209676825092174,1.404608254209161,1.402318763313815,190.88122114898954,0.0
82,1631700186951688,25.177897910238244,1.403084699138999,1.4031323071103543,189.74530925852716,0.0
82,1631700187053060,25.210312403389253,1.4012056478857995,1.4030814606230706,189.94527196025666,0.0
82,1631700187155857,25.202049885527234,1.4032370546460151,1.4027763816993684,190.0119730121557,0.73
82,1631700187255492,25.18933831958566,1.4040496173501014,1.404403469292447,190.68027313750983,0.0
82,1631700187353253,25.18616042810027,1.403084699138999,1.4034882325213403,190.3012816716087,0.0
82,1631700187458262,25.187431584694426,1.405268461406231,1.4020136843901128,189.87859432283125,0.0
82,1631700187550601,25.18933831958566,1.4019674254208803,1.404911934165284,190.74723229192,0.095
82,1631700187655939,25.217303764657117,1.4036941211670637,1.4037424649577588,190.74723229192,0.0
82,1631700187758596,25.194422945962287,1.4039988321810961,1.402318763313815,190.34582977663314,0.03
82,1631700187860491,25.184889271506105,1.4025260622799396,1.404759394703433,190.59103082698957,0.0
82,1631700187959846,25.194422945962287,1.4040496173501014,1.4034373860340565,190.43495727425662,0.0
82,1631700188059733,25.184889271506105,1.4024752771109343,1.403183153597638,190.23447906194147,0.0
82,1631700188159332,25.195694102556445,1.4027292029559613,1.404047543881461,189.98973672607394,0.945
82,1631700188261107,25.19760083744768,1.40384647667408,1.4014035265427083,190.12319348648444,0.0
82,1631700188362028,25.198236415744756,1.4049637503921986,1.4022679168265313,190.05645339218975,0.0
82,1631700188467025,25.209676825092174,1.4036941211670637,1.4029289211612195,189.9230434799129,0.0
82,1631700188564421,25.21158355998341,1.4044558987021447,1.403030614135787,190.39038831003538,0.88
82,1631700188664956,25.187431584694426,1.4037449063360692,1.4039966973941773,190.94825086816604,0.0
82,1631700188764842,25.19378736766521,1.402170566096902,1.4027255352120847,190.3012816716087,0.0
82,1631700188864716,25.201414307230152,1.4047098245471716,1.4037424649577588,190.34582977663314,0.0
82,1631700188965402,25.210312403389253,1.40384647667408,1.4033356930594891,190.59103082698957,0.08
82,1631700189066062,25.18933831958566,1.403490980491042,1.4050136271398515,190.59103082698957,0.0
82,1631700189166421,25.177262331941165,1.4028815584629775,1.4032340000849217,190.39038831003538,0.0
82,1631700189268369,25.216668186360035,1.403490980491042,1.402827228186652,190.1676999023983,0.755
82,1631700189367547,25.1969652591506,1.4019674254208803,1.4038441579323262,190.1676999023983,0.0
82,1631700189468533,25.198871994041838,1.4035417656600475,1.4033356930594891,190.189957017185,0.0
82,1631700189569062,25.200143150635995,1.403490980491042,1.4048610876780003,189.9230434799129,0.0
82,1631700189668645,25.186796006397344,1.403084699138999,1.403183153597638,190.68027313750983,0.0
82,1631700189768619,25.19315178936813,1.4043035431951285,1.402674688724801,190.39038831003538,0.0
82,1631700189869472,25.185524849803187,1.4027799881249665,1.403539079008624,190.59103082698957,0.0
82,1631700189968395,25.214761451468803,1.4037449063360692,1.4046577017288655,190.21221673693086,0.0
82,1631700190069554,25.18425369320903,1.4036941211670637,1.4033356930594891,190.56872677625543,0.0
82,1631700190172246,25.19251621107105,1.4037956915050744,1.4020645308773965,190.90356177387966,0.0
82,1631700190273357,25.18933831958566,1.4029831288009882,1.4032848465722054,190.9259050135029,0.255
82,1631700190371520,25.198236415744756,1.4045574690401554,1.4037933114450425,190.03421190075957,0.0
82,1631700190475730,25.183618114911948,1.4024244919419289,1.4048102411907166,190.4126714881412,0.0
82,1631700190575548,25.205227777012624,1.4037449063360692,1.4028780746739358,190.5241265049242,0.0
82,1631700190675280,25.202049885527234,1.4019674254208803,1.4020136843901128,190.63564676012157,0.0
82,1631700190777100,25.205863355309706,1.4037449063360692,1.4025729957502335,190.9705993381748,0.0
82,1631700195185650,25.1969652591506,1.4027799881249665,1.403183153597638,190.14544539226625,0.0
82,1631700195371730,25.19760083744768,1.4021197809278965,1.4033865395467728,190.81421495966066,0.0
82,1631700195484244,25.19760083744768,1.4032370546460151,1.4036407719831914,190.0119730121557,1.0
82,1631700195586578,25.186796006397344,1.4036433359980582,1.403539079008624,190.0786974867505,0.0
82,1631700195694251,25.19315178936813,1.4037449063360692,1.4033865395467728,190.65795864313094,0.0
82,1631700195791182,25.175991175347008,1.402576847448945,1.4042000833433121,190.59103082698957,0.0
82,1631700195895257,25.19378736766521,1.4043035431951285,1.403691618470475,190.54642533566906,0.0
82,1631700195991439,25.208405668498017,1.4037956915050744,1.401606912491843,190.3012816716087,0.705
82,1631700196093403,25.205227777012624,1.4024244919419289,1.4044543157797307,190.27901152897522,0.0
82,1631700196193771,25.199507572338913,1.4037956915050744,1.403183153597638,190.05645339218975,0.0
82,1631700196294930,25.21221913828049,1.4025260622799396,1.404047543881461,190.70259024356355,0.0
82,1631700196412010,25.20459219871555,1.4039480470120906,1.4020136843901128,190.21221673693086,0.0
82,1631700196512836,25.1969652591506,1.4036941211670637,1.4046068552415818,189.98973672607394,0.0
82,1631700196612011,25.213490294874646,1.4021197809278965,1.4021662238519639,190.72490996159846,0.0
82,1631700196712596,25.183618114911948,1.401815069913864,1.4029797676485032,190.3012816716087,0.0
82,1631700196817058,25.19251621107105,1.4026276326179505,1.4041492368560284,190.79188479064527,0.2
82,1631700196920711,25.185524849803187,1.4027292029559613,1.403030614135787,190.05645339218975,0.98
82,1631700197024715,25.173448862158693,1.4032878398150206,1.4046068552415818,189.98973672607394,0.0
82,1631700197127925,25.195058524259366,1.4026784177869558,1.4037424649577588,190.5018302837159,0.0
82,1631700197231191,25.198236415744756,1.4029323436319827,1.4048102411907166,189.7231041789602,0.0
82,1631700197339231,25.195058524259366,1.4036433359980582,1.4039458509068936,190.5241265049242,0.0
82,1631700197438048,25.17281328386162,1.4020182105898857,1.4041492368560284,190.9705993381748,0.0
82,1631700197540642,25.196329680853523,1.4038972618430854,1.4027763816993684,191.39571759132224,0.0
82,1631700197645486,25.19760083744768,1.4039988321810961,1.4043526228051633,190.21221673693086,0.07
82,1631700203073537,25.194422945962287,1.4032370546460151,1.4020136843901128,190.34582977663314,0.0
82,1631700203172410,25.177262331941165,1.4039480470120906,1.4029289211612195,190.72490996159846,0.0
82,1631700203275740,25.195058524259366,1.4048113948851824,1.4043526228051633,190.25674399252102,0.0
82,1631700203375903,25.18616042810027,1.402576847448945,1.404759394703433,190.12319348648444,0.0
82,1631700203477218,25.181075801723633,1.4043035431951285,1.4032340000849217,190.05645339218975,1.0
82,1631700203578736,25.19251621107105,1.4039480470120906,1.4050136271398515,190.59103082698957,0.0
82,1631700203679663,25.200143150635995,1.4044051135331392,1.4036407719831914,190.1676999023983,0.475
82,1631700203777234,25.19378736766521,1.4043035431951285,1.4034882325213403,190.34582977663314,0.0
82,1631700203879236,25.198236415744756,1.4047098245471716,1.403691618470475,190.3012816716087,0.13
82,1631700203980259,25.20332104212139,1.4031354843080044,1.40389500441961,190.23447906194147,0.0
82,1631700204079175,25.191245054476894,1.404252758026123,1.402318763313815,190.34582977663314,0.72
82,1631700204179687,25.18425369320903,1.4020689957588912,1.4033865395467728,190.68027313750983,0.0
82,1631700204280951,25.19760083744768,1.4036941211670637,1.4029797676485032,190.79188479064527,0.0
82,1631700204381064,25.20777009020094,1.4029831288009882,1.4019119914155453,190.47953667173906,0.0
82,1631700204481166,25.20713451190386,1.404252758026123,1.4039458509068936,190.99295042383477,0.0
82,1631700204584947,25.177262331941165,1.4039480470120906,1.403691618470475,190.0119730121557,0.785
82,1631700204684929,25.195058524259366,1.4022721364349127,1.4026238422375172,190.43495727425662,0.145
82,1631700204788626,25.18425369320903,1.4036433359980582,1.4029289211612195,190.14544539226625,0.0
82,1631700204892336,25.1880671629915,1.4029323436319827,1.4029289211612195,189.63430984330427,0.0
82,1631700204991078,25.191880632773973,1.404252758026123,1.4029289211612195,189.94527196025666,0.0
82,1631700205092957,25.058409190387465,1.4037956915050744,1.403691618470475,190.5241265049242,0.0
82,1631700205192962,23.18726668378804,1.4041511876881123,1.403539079008624,190.189957017185,0.0
82,1631700205294032,18.82592840923462,1.4041004025191068,1.402318763313815,190.70259024356355,0.0
82,1631700205393995,14.474123809137382,1.4024244919419289,1.4040983903687447,190.74723229192,0.0
82,1631700205494029,11.38521328533534,1.4036433359980582,1.4034882325213403,190.7695572348334,0.37
82,1631700205595060,13.742573189199902,1.4029323436319827,1.403183153597638,190.85888313852726,0.0
82,1631700205694670,19.294349614181556,1.4037449063360692,1.4032848465722054,189.967503042209,0.0
82,1631700205794460,23.61183298623655,1.4030339139699937,1.4045051622670144,190.47953667173906,0.29
82,1631700205897161,28.21024196560029,1.4037449063360692,1.4045051622670144,190.12319348648444,0.0
82,1631700205995955,32.115870601148345,1.4026784177869558,1.401810298440978,190.0119730121557,0.0
82,1631700206096924,33.83129642496351,1.4033894101530313,1.4027763816993684,190.61333748817657,0.0
82,1631700206200023,32.68344202043954,1.403490980491042,1.401962837902829,190.34582977663314,0.0
82,1631700206300251,29.455339849577282,1.404252758026123,1.401962837902829,190.21221673693086,0.0
82,1631700206402047,25.51284767279867,1.4037956915050744,1.4046068552415818,190.34582977663314,0.0
82,1631700206500811,21.347903092042543,1.4044558987021447,1.4039966973941773,190.59103082698957,0.0
82,1631700206603315,19.561292498954572,1.4043543283641338,1.4022679168265313,190.5241265049242,0.0
82,1631700206703065,21.443239836604334,1.4014595737308264,1.4034882325213403,190.68027313750983,0.0
82,1631700206803862,26.3143119054148,1.4036941211670637,1.4046068552415818,189.8119400916601,0.0
82,1631700206903140,31.013777834014032,1.403592550829053,1.4042000833433121,189.63430984330427,0.0
82,1631700207002421,34.38488512171898,1.4012056478857995,1.402827228186652,190.43495727425662,0.0
82,1631700207102930,34.74652917275671,1.4043543283641338,1.4033356930594891,190.36810773963427,0.0
82,1631700207203990,31.5616463260958,1.4037449063360692,1.4020136843901128,189.8119400916601,0.0
82,1631700207303501,27.81999689119402,1.4044051135331392,1.4029289211612195,190.0119730121557,0.0
82,1631700207404711,24.075169564806856,1.4027799881249665,1.4040983903687447,190.27901152897522,0.585
82,1631700207505442,20.81401732249651,1.4032370546460151,1.403183153597638,190.12319348648444,0.0
82,1631700207604708,18.846266914741136,1.4041004025191068,1.403030614135787,190.59103082698957,0.7
82,1631700207704139,17.266219268203713,1.4035417656600475,1.402827228186652,190.61333748817657,0.0
82,1631700207805228,20.068483980023302,1.4024752771109343,1.4035899254959077,190.59103082698957,0.0
82,1631700207909495,25.350775207043625,1.403592550829053,1.40389500441961,190.68027313750983,0.0
82,1631700208007812,29.760417432175018,1.4022213512659072,1.402827228186652,190.34582977663314,0.0
82,1631700208109853,33.95968324097339,1.4041511876881123,1.4032848465722054,189.90081760087244,0.0
82,1631700208209796,38.00831699336413,1.4037449063360692,1.4038441579323262,190.54642533566906,0.0
82,1631700208309232,39.89725569228176,1.403338624984026,1.4034373860340565,190.27901152897522,0.56
82,1631700208409665,38.34835138230119,1.4035417656600475,1.4031323071103543,190.23447906194147,0.0
82,1631700208511791,34.391876482986845,1.4037956915050744,1.4034882325213403,189.87859432283125,0.2
82,1631700208613686,30.87395060865674,1.4054716020822524,1.4039458509068936,190.72490996159846,0.0
82,1631700208711162,27.39733732363675,1.404912965223193,1.404556008754298,189.967503042209,0.0
82,1631700208811648,24.129829298355617,1.403490980491042,1.4038441579323262,190.43495727425662,0.0
82,1631700208912354,21.127993001253344,1.4044051135331392,1.4037424649577588,190.43495727425662,0.0
82,1631700209013677,18.078488331870176,1.404912965223193,1.404911934165284,190.05645339218975,0.0
82,1631700209115910,14.405481353052894,1.4041511876881123,1.4029289211612195,190.45724566868762,0.0
82,1631700209218578,10.163631798350252,1.4034401953220368,1.4028780746739358,190.9259050135029,0.0
82,1631700209318874,6.615833744057455,1.4034401953220368,1.4034373860340565,190.74723229192,0.0
82,1631700209413717,3.879033596836962,1.4022721364349127,1.4020136843901128,191.03766044333517,0.0
82,1631700209519918,4.988753303536214,1.4024752771109343,1.4022679168265313,190.1676999023983,0.0
82,1631700209620032,11.244114903383888,1.4029831288009882,1.4027255352120847,190.189957017185,0.015
82,1631700209719379,18.65177995583508,1.4029323436319827,1.4026238422375172,189.90081760087244,0.94
82,1631700209819897,24.358001907006837,1.401154862716794,1.4033865395467728,190.189957017185,0.89
82,1631700209926350,29.39368875476066,1.4029323436319827,1.403183153597638,191.2166052086468,0.0
82,1631700210026027,33.865617653005756,1.4020689957588912,1.402674688724801,190.65795864313094,0.0
82,1631700210126531,37.60790266620461,1.4029831288009882,1.402318763313815,190.25674399252102,0.0
82,1631700210226081,38.3153013108531,1.4024752771109343,1.4038441579323262,190.43495727425662,0.79
82,1631700210330188,38.30703879299108,1.4037956915050744,1.4033865395467728,190.61333748817657,0.0
82,1631700210431192,37.72675580775831,1.402830773293972,1.4036407719831914,190.45724566868762,0.0
82,1631700210535305,35.7183283889899,1.404608254209161,1.4022170703392476,189.8341555685296,0.0
82,1631700210635103,32.64467174431775,1.402830773293972,1.40389500441961,189.7231041789602,0.0
82,1631700210735808,28.627816906780936,1.402170566096902,1.4021662238519639,190.45724566868762,0.0
82,1631700210836231,27.781862193369307,1.4034401953220368,1.403183153597638,190.7695572348334,0.0
82,1631700210936286,27.77359967550728,1.4043543283641338,1.4027255352120847,190.74723229192,0.0
82,1631700211036387,27.802200698875822,1.4045574690401554,1.402674688724801,189.98973672607394,0.0
82,1631700211136266,27.769786205724813,1.40384647667408,1.4034882325213403,190.0786974867505,0.0
82,1631700211234892,27.782497771666385,1.4039480470120906,1.4040983903687447,190.54642533566906,0.0
82,1631700211338734,27.781226615072228,1.4036941211670637,1.4039966973941773,190.36810773963427,0.0
82,1631700211439393,27.779955458478074,1.403084699138999,1.4046068552415818,190.63564676012157,0.0
82,1631700211540349,27.78821797634009,1.4043035431951285,1.4037933114450425,191.171853309321,0.0
82,1631700211642405,27.781862193369307,1.4030339139699937,1.4022679168265313,190.94825086816604,0.0
82,1631700211743464,27.783768928260542,1.4020182105898857,1.403030614135787,190.56872677625543,0.0
82,1631700211843245,27.783768928260542,1.4033894101530313,1.4022170703392476,190.03421190075957,0.585
82,1631700211942612,27.783768928260542,1.4051668910682202,1.4043526228051633,189.63430984330427,0.0
82,1631700212043153,27.776777566992678,1.4043035431951285,1.4036407719831914,189.98973672607394,0.0
82,1631700212146607,27.78885355463717,1.4032370546460151,1.4033865395467728,190.34582977663314,0.0
82,1631700212247029,27.78885355463717,1.4054208169132472,1.4030814606230706,190.1676999023983,0.575
82,1631700212348727,27.79838722909335,1.4033894101530313,1.404047543881461,190.05645339218975,0.0
82,1631700212447901,27.782497771666385,1.4031862694770099,1.4033356930594891,190.43495727425662,0.14
82,1631700212549271,27.782497771666385,1.4039480470120906,1.4033356930594891,190.79188479064527,0.0
82,1631700212653553,27.783768928260542,1.4030339139699937,1.4042000833433121,190.83654774218613,0.0
82,1631700212753821,27.79012471123133,1.4045574690401554,1.4035899254959077,190.5018302837159,0.0
82,1631700212855395,27.80347185546998,1.4039480470120906,1.4025729957502335,190.25674399252102,0.0
82,1631700212959309,27.786946819745932,1.40384647667408,1.4039458509068936,190.5018302837159,0.0
82,1631700213053019,27.783133349963464,1.4037449063360692,1.404047543881461,190.4126714881412,0.0
82,1631700213157793,27.77487083210144,1.4050653207302093,1.4034373860340565,190.23447906194147,0.0
82,1631700213257016,27.783768928260542,1.4036941211670637,1.4034882325213403,190.1676999023983,0.0
82,1631700213357788,27.796480494202115,1.4046590393781662,1.4021153773646802,189.56774136479115,0.0
82,1631700213458850,27.761523687862795,1.405014535561204,1.4022170703392476,189.9230434799129,0.0
82,1631700213561299,27.76660831423942,1.4032878398150206,1.4030814606230706,190.43495727425662,0.0
82,1631700213661619,27.778048723586835,1.404252758026123,1.4033356930594891,190.4126714881412,1.47
82,1631700213765428,27.795209337607957,1.4051161058992148,1.4038441579323262,190.72490996159846,0.0
82,1631700213861017,27.78440450655762,1.4043035431951285,1.4029797676485032,190.27901152897522,0.0
82,1631700213965816,27.783768928260542,1.4039988321810961,1.4037424649577588,190.12319348648444,0.0
82,1631700214064572,27.791395867825486,1.4036941211670637,1.4041492368560284,190.4126714881412,0.0
82,1631700214164368,27.792031446122568,1.4047098245471716,1.4036407719831914,190.27901152897522,0.76
82,1631700214263804,27.792031446122568,1.4043543283641338,1.4035899254959077,189.90081760087244,0.0
82,1631700214363759,27.793302602716725,1.4031862694770099,1.4028780746739358,190.03421190075957,0.0
82,1631700214465979,27.783768928260542,1.405014535561204,1.403691618470475,190.5018302837159,0.0
82,1631700214566172,27.77487083210144,1.4040496173501014,1.4040983903687447,190.74723229192,0.0
82,1631700214672566,27.7850400848547,1.40450668387115,1.4037424649577588,189.967503042209,0.0
